user_id,question
user_001,How do I improve my resume for data science roles?
user_002,What are good things for my resume for data science jobs?
user_003,What skills on my resume are needed for data science career?
user_002,What are attention heads in transformer models?
user_003,How can I optimize my machine learning model performance?
user_004,What is the best way to learn Python for beginners?
user_005,How do I implement a neural network from scratch?
user_001,What are the differences between supervised and unsupervised learning?
user_002,How can I debug my machine learning code more effectively?
user_003,What is the purpose of regularization in machine learning?
user_004,How do I handle missing data in my dataset?
user_005,What are the best practices for data preprocessing?
user_001,How do I deploy a machine learning model to production?
user_002,What is transfer learning and when should I use it?
user_003,How can I interpret the results of my model?
user_004,What are the key metrics for evaluating classification models?
user_005,How do I scale my ML pipeline for large datasets? 