Core Fact,Shakespearean Bard,Gen-Z TikToker,Corporate Executive,Kind Grandma,Sci-Fi Robot Historian (Year 3080)
"The Eiffel Tower is located in Paris, France.","Lo, the iron maiden doth pierce the skies of fair Paris, a beacon of mortal craft.","Yo, the Eiffel Towerâ€™s vibinâ€™ right in Paris ğŸ‡«ğŸ‡·âœ¨ #IconicSpot","The Eiffel Tower, an established landmark, resides within the metropolitan boundaries of Paris, France.","Sweetheart, that tall, twinkling tower you see? Itâ€™s right there in Paris, France, shining bright for all to see.","Geo-structure Eiffel-Twr-75 located at Paris Coordinates (48.8584Â° N, 2.2945Â° E), Earth Sector France-01."
"Water boils at 100 degrees Celsius at sea level.","At seaâ€™s gentle breast, the water doth boil when the thermometer greets the hundredth degree.","No cap, water hits boil at 100Â°C when you chillinâ€™ at sea level ğŸ”¥ğŸ’§","It is a standard physical fact that water reaches its boiling point at 100 degrees Celsius under sea level conditions.","Honey, when youâ€™re at the beach or close to the sea, water boils at 100 degrees Celsius â€” just like when I make tea!","Phase Change Event: Hâ‚‚O transitions to vapor at 100Â°C (373.15 K) @1 atm pressure, Sea Level Reference."
"The next solar eclipse will occur on April 8, 2024.","Mark thy calendars, for the sun shall be shrouded come the eighth day of April, in the year of our Lord 2024.","Heads up! Solar eclipse dropping on 4/8/24 ğŸŒ’ğŸ‘€ #SkyWatch","Please be advised that the forthcoming solar eclipse is scheduled for April 8, 2024.","Remember dear, the skyâ€™s gonna get dark on April 8th, 2024 â€” itâ€™s a special kind of shadow from the sun.","Celestial Event Solar-Eclipse-2024 set for Terra Time 2024-04-08T00:00Z; visibility path mapped."
"You can reset your password using the â€œForgot Passwordâ€ link.","Shouldst thou forget thy secret key, seek the link dubbed 'Forgot Password' to reclaim thy access.","Bruh, just hit that â€œForgot Passwordâ€ link if you can't remember your pass ğŸ”‘ğŸ« ","Password recovery can be initiated by selecting the 'Forgot Password' hyperlink on the login interface.","If you ever forget your password, dear, just click that little 'Forgot Password' link, and itâ€™ll help you out.","User Authentication Reset Procedure: Activate 'Forgot Password' protocol via UI command node."
"The companyâ€™s quarterly earnings report will be released on August 1st.","Hear ye! The scroll of quarterly gain shall be unveiled on the first day of August.","Heads up, the companyâ€™s earnings drop on August 1st ğŸ’°ğŸš€ #MoneyMoves","The quarterly financial disclosure is scheduled for release on August 1st.","Theyâ€™re gonna tell us how the company did on August 1st, dear â€” letâ€™s hope itâ€™s good news!","Fiscal Data Release Q3-Report scheduled for Terra Date 2080-08-01 at 09:00 UTC."
"Vegetables are essential for a balanced diet.","Pray, partake in the verdant bounty, for vegetables nourish the body and soul.","Yo, veggies = life. Gotta keep that diet on fleek ğŸ¥¦ğŸ”¥ #HealthyVibes","Vegetables form a critical component of a nutritionally balanced diet.","Donâ€™t forget to eat your veggies, darling, they keep you strong and healthy.","Nutrient Intake Alert: Consumption of vegetables is vital for maintaining bio-homeostasis."
"Your flight is delayed by two hours.","Thy journey by air is deferred for two full hours beyond expectation.","Flightâ€™s gonna be late by two hours, fam. Grab some snacks ğŸ«âœˆï¸","The scheduled departure of your flight has been postponed by two hours.","Looks like your plane wonâ€™t take off till two hours later, dear. Take it easy.","Flight Delay Notice: Estimated Time of Departure extended by 120 minutes as per TerraFlight Control."
"The museum is closed on Mondays.","On the day known as Monday, the halls of the museum remain shut.","No museum vibes on Mondays, itâ€™s closed, FYI ğŸ›ï¸ğŸš«","The museum does not operate on Mondays and remains closed to visitors.","Sweetheart, museums take Monday off, so plan your visit another day.","Museum Access: Closed for maintenance and operational reset every Monday cycle."
"Exercise improves both physical and mental health.","Exercise doth strengthen both flesh and mind, a boon to mortal well-being.","Working out boosts your body and brain, legit! ğŸ’ªğŸ§  #HealthGoals","Physical activity has been proven to enhance both somatic and psychological wellness.","Keep moving, dear, itâ€™s good for your body and your mind.","Biofeedback Report: Exercise stimulates somatic vigor and neural plasticity."
"The train departs at 6:45 AM from platform 3.","At the hour of six and three quarters past dawn, the iron horse leaves platform the third.","The train leaves at 6:45 AM from platform 3 â€” donâ€™t be late! ğŸš‚âŒš","Departure is scheduled for 06:45 hours at platform three.","The train leaves early, honey â€” make sure youâ€™re at platform 3 by 6:45 AM.","Transport Node Departure: Train #7 scheduled for 0645 hours UTC, Platform 3."
"You must submit the application before March 15th.","Thou must dispatch thine application ere the fifteenth day of March.","Deadline alert! Get your app in before March 15 or youâ€™re toast ğŸ”¥ğŸ—“ï¸","Applications must be submitted no later than March 15th to be considered.","Make sure you send your application in before March 15th, dear.","Deadline Protocol: Submission window closes 15-Mar-2025, 23:59 Terra Standard Time."
"Shakespeare wrote 37 plays during his lifetime.","The Bard himself penned thirty-seven plays throughout his mortal coil.","Shakespeare dropped 37 plays â€” legend status unlocked! ğŸ­ğŸ”¥","William Shakespeare wrote 37 plays, dear â€” quite the wordsmith!","Shakespearean Corpus Count: 37 dramatic works recorded and preserved."
"Your phone battery is currently at 12%.","Thy deviceâ€™s power doth wane to a mere twelve percent.","Yo, your phoneâ€™s at 12%â€”charge that ASAP âš¡ğŸ“±","Your phone battery is low, honey, only 12% left.","Battery Level: Device power at critical 12% threshold â€” recharge recommended."
"A lunar eclipse happens when the Earth passes between the sun and the moon.","When the Earth doth cross betwixt sun and moon, a shadow darkens the lunar orb.","Lunar eclipse? Earth blocking sunâ€™s light to the moon â€” epic cosmic vibes ğŸŒ‘âœ¨","The moon gets dark when Earth stands between it and the sun, dear.","Celestial Alignment: Earth intercedes solar rays, causing lunar obscuration."
"Python is a popular programming language for data science.","Python reigns supreme in the realm of data science coding.","Pythonâ€™s the go-to for data science, no cap ğŸğŸ’»","Pythonâ€™s a popular language, sweetie, especially for crunching numbers.","Programming Language Usage Log: Python dominant in scientific computations."
"The package was delivered to your doorstep at 2:13 PM.","The parcel hath reached thy doorstep at two hours and thirteen minutes post meridian.","Package dropped off at your door at 2:13 PM, just FYI ğŸ“¦ğŸ ","Your package arrived right on time this afternoon, dear.","Delivery Confirmed: Package received at address at 1413 hours local time."
"The Great Wall of China stretches over 13,000 miles.","The mighty Great Wall doth extend beyond thirteen thousand miles.","The Great Wall of China is over 13,000 miles long â€” insane! ğŸ¯ğŸŒ","That great big wall in China? Itâ€™s super long, over 13,000 miles, darling.","Structure Length: Great Wall extends approx. 21,000 kilometers across northern China."
"Please update your software to the latest version for security reasons.","Pray, upgrade thy software forthwith to guard against unseen threats.","Update your software ASAP for max security ğŸ”’ğŸ›¡ï¸","Make sure your computerâ€™s updated, dear, to keep things safe and smooth.","Software Update Required: Deploy latest patches to maintain cyber defenses."
"The weather forecast predicts heavy rain tomorrow.","Prepare thyself, for on the morrow heavy rains shall fall.","Weatherâ€™s saying itâ€™s gonna pour tomorrow â€” bring that drip ğŸŒ§ï¸â˜”","Looks like a rainy day tomorrow, dear â€” donâ€™t forget your coat!","Meteorological Data: Precipitation levels expected to rise significantly on 2025-07-28."
"A rainbow forms when sunlight is refracted through raindrops.","A bow of colors is wrought when sun doth dance through the droplets of rain.","Rain + sun = rainbow, simple math ğŸŒˆâœ¨","After the rain, a pretty rainbow will appear in the sky, honey.","Optical Phenomenon: Dispersion of sunlight via water droplets creating spectrum arc."
